CREATE DATABASE IF NOT EXISTS `nyiltnap` DEFAULT CHARACTER SET utf8mb4 COLLATE utf8mb4_hungarian_ci;
USE `nyiltnap`;

CREATE TABLE `diakok` (
  `id` int(11) NOT NULL,
  `nev` varchar(50) NOT NULL,
  `email` varchar(50) NOT NULL,
  `telefon` varchar(50) NOT NULL,
  `telepules` varchar(50) NOT NULL
) ENGINE=InnoDB DEFAULT CHARSET=utf8mb4 COLLATE=utf8mb4_hungarian_ci;

INSERT INTO `diakok` (`id`, `nev`, `email`, `telefon`, `telepules`) VALUES
(1000, 'Zoltán Ede', 'zoltane@alsips.xyz', '3-866210', 'Szürcsölde'),
(1001, 'Volák Krisztina', 'volakk@alsips.tmk', '4-564234', 'Barnamalom'),
(1002, 'Nagy Zalán', 'nagyz@frraacku.atp', '3-193809', 'Bolhaugra'),
(1003, 'Demjéni Dénes', 'demjend@linkrb.xyz', '3-201790', 'Eperkebordó'),
(1004, 'Tóth József', 'tothj@linkrb.tmk', '5-373826', 'Cserépkakasd'),
(1005, 'Budai Mihály', 'budaim@linkrb.tgb', '6-353447', 'Miákfalva'),
(1006, 'Palotás András', 'palotasa@mnsk.hho', '5-771003', 'Fészekcsók'),
(1007, 'Hollósi Mónika', 'hollosim@aaabbbccc.hho', '6-530470', 'Patakfolyta'),
(1008, 'Biológus Boglárka', 'biologusb@sctivcr.atp', '3-922262', 'Csipcsicsere'),
(1009, 'Majer Melinda', 'majerm@vvvvv.tmk', '6-711330', 'Bolhaugra'),
(1010, 'Denes András', 'denesa@linkrb.hho', '3-454877', 'Selyembarkás'),
(1011, 'Lacza József', 'laczaj@sctivcr.hho', '3-860150', 'Barnamalom'),
(1012, 'Bábel Lajos', 'babell@hjnva.tmk', '3-578771', 'Selyembarkás'),
(1013, 'Kovács Jenő', 'kovacsj@alsips.tmk', '4-822572', 'Zöldjekő'),
(1014, 'Kakas Kázmér', 'kakask@linkrb.xyz', '6-162577', 'Szálaszőre'),
(1015, 'Hajdú Imre', 'hajdui@alsips.xyz', '5-718875', 'Szálaszőre'),
(1016, 'Kiss Elemér', 'kisse@aaabbbccc.atp', '5-499847', 'Szürcsölde'),
(1017, 'Acsai János', 'acsaij@alsips.hho', '4-200595', 'Barnamalom'),
(1018, 'Mátraházi Miklós', 'matrahazim@dede.tgb', '6-700569', 'Barnamalom'),
(1019, 'Fischer Ildikó', 'fischeri@hjnva.xyz', '4-178190', 'Fülefoltosd'),
(1020, 'Kenderesi Kázmér', 'kenderesik@vvvvv.xyz', '5-649286', 'Szürcsölde'),
(1021, 'Nagy Zoltán', 'nagyz@mnsk.xyz', '4-676747', 'Szürcsölde'),
(1022, 'Dózsa György', 'dozsag@dede.tgb', '6-702485', 'Eperkebordó'),
(1023, 'Szaller Tibor', 'szallert@alsips.tmk', '3-804407', 'Szürcsölde'),
(1024, 'Zápor József', 'zaporj@alsips.tmk', '4-273904', 'Karmavér'),
(1025, 'Elekes Elek', 'elekese@vvvvv.tmk', '5-366094', 'Karmavér'),
(1026, 'Hernádi Hugó', 'hernadih@npassbbi.tgb', '4-986566', 'Szürcsölde'),
(1027, 'Monty Péter', 'montyp@mnsk.tgb', '6-781118', 'Patakfolyta'),
(1028, 'Ladányi Hedvig', 'ladanyih@mnsk.atp', '6-761883', 'Patakfolyta'),
(1029, 'Balázsi Gábor', 'balazsig@alsips.atp', '6-635387', 'Fészekcsók'),
(1030, 'Szarka Imre', 'szarkai@linkrb.xyz', '5-415547', 'Karmavér'),
(1031, 'Gerleházi Levente', 'gerlehazil@dede.atp', '3-962224', 'Patakfolyta'),
(1032, 'Cseh Miklós', 'csehm@npassbbi.atp', '3-693920', 'Zöldjekő'),
(1033, 'Letkési Lajos', 'letkesil@dede.tgb', '6-476213', 'Patakfolyta'),
(1034, 'Kiss Zoltán', 'kissz@frraacku.hho', '3-296874', 'Cserépkakasd'),
(1035, 'Bombás Ede', 'bombase@linkrb.xyz', '3-491887', 'Selyembarkás'),
(1036, 'Csuka Sándor', 'csukas@frraacku.xyz', '5-528811', 'Szálaszőre'),
(1037, 'Somogyi Zoltán', 'somogyiz@dede.xyz', '6-676984', 'Karmavér'),
(1038, 'Alam István', 'alami@aaabbbccc.atp', '5-252300', 'Eperkebordó'),
(1039, 'Horváth Károly', 'horvathk@frraacku.tmk', '6-846951', 'Bolhaugra'),
(1040, 'Sárkány György', 'sarkanyg@hjnva.hho', '6-953255', 'Patakfolyta'),
(1041, 'Veroczky Viktor', 'veroczkyv@dede.atp', '4-316831', 'Eperkebordó'),
(1042, 'Dékány József', 'dekanyj@dede.xyz', '3-223210', 'Eperkebordó'),
(1043, 'Kövér Hajnalka', 'koverh@dede.hho', '6-217341', 'Szálaszőre'),
(1044, 'Kiss Róbert', 'kissr@hjnva.tmk', '5-808709', 'Bolhaugra'),
(1045, 'Rózsa Anna', 'rozsaa@frraacku.xyz', '3-580618', 'Karmavér'),
(1046, 'Csukó Sándor', 'csukos@linkrb.xyz', '5-734102', 'Fészekcsók'),
(1047, 'Szedő András', 'szedoa@sctivcr.tmk', '4-948597', 'Karmavér'),
(1048, 'Kiss Béla', 'kissb@mnsk.atp', '4-845245', 'Szálaszőre'),
(1049, 'Tisza Tamás', 'tiszat@aaabbbccc.tgb', '6-647803', 'Barnamalom'),
(1050, 'Kovalcsik Emil', 'kovalcsike@frraacku.xyz', '3-263770', 'Selyembarkás'),
(1051, 'Farkas Zoltán', 'farkasz@sctivcr.hho', '6-297640', 'Karmavér'),
(1052, 'Simon Klaudia', 'simonk@hjnva.atp', '3-201883', 'Vonatfüttyösd'),
(1053, 'Bádog Ferenc', 'badogf@aaabbbccc.tmk', '4-909908', 'Patakfolyta'),
(1054, 'Nyugodt Emma', 'nyugodte@frraacku.tmk', '6-382991', 'Karmavér'),
(1055, 'Farmosi Fanni', 'farmosif@hjnva.atp', '5-704535', 'Szálaszőre'),
(1056, 'Adonyi Amália', 'adonyia@vvvvv.tgb', '3-992484', 'Eperkebordó'),
(1057, 'Fizikus Ferenc', 'fizikusf@aaabbbccc.atp', '5-400538', 'Cserépkakasd'),
(1058, 'Erős Erzsébet', 'erose@mnsk.tgb', '5-587197', 'Szürcsölde'),
(1059, 'Kispéter Erzsébet', 'kispetere@aaabbbccc.tgb', '6-644402', 'Szürcsölde'),
(1060, 'Kondorosi Rita', 'kondorosir@linkrb.xyz', '6-334576', 'Miákfalva'),
(1061, 'Kiss Csaba', 'kissc@sctivcr.xyz', '4-119493', 'Miákfalva'),
(1062, 'Nagykátai Noémi', 'nagykatain@hjnva.hho', '4-323828', 'Fészekcsók'),
(1063, 'Kovács Antal', 'kovacsa@vvvvv.atp', '3-942281', 'Patakfolyta'),
(1064, 'Körmendi András', 'kormendia@dede.hho', '6-440552', 'Kacagvár'),
(1065, 'Monori Márton', 'monorim@hjnva.hho', '4-165094', 'Karmavér'),
(1066, 'Kovács Mária', 'kovacsm@alsips.xyz', '5-290209', 'Szálaszőre'),
(1067, 'Józsa László', 'jozsal@sctivcr.tgb', '4-418069', 'Szürcsölde'),
(1068, 'Mattel Ferenc', 'mattelf@npassbbi.hho', '6-741774', 'Cserépkakasd'),
(1069, 'Nagy Géza', 'nagyg@aaabbbccc.hho', '5-103110', 'Patakfolyta'),
(1070, 'Kiss Imre', 'kissi@npassbbi.xyz', '6-928938', 'Barnamalom'),
(1071, 'Esztergom Eszter', 'esztergome@aaabbbccc.atp', '4-640842', 'Tamásuta'),
(1072, 'Baksa Zsolt', 'baksaz@mnsk.tgb', '3-267429', 'Vonatfüttyösd'),
(1073, 'Velencei Viktor', 'velenceiv@sctivcr.tgb', '4-315663', 'Fülefoltosd'),
(1074, 'Elek Tivadar', 'elekt@dede.tmk', '3-507024', 'Szürcsölde'),
(1075, 'Nagy Péter', 'nagyp@vvvvv.hho', '4-122949', 'Zöldjekő'),
(1076, 'Ábrahám Aladár', 'abrahama@frraacku.xyz', '4-845462', 'Karmavér'),
(1077, 'Holló Zsolt', 'holloz@sctivcr.hho', '6-479306', 'Fülefoltosd'),
(1078, 'Péceli Panna', 'pecelip@sctivcr.tgb', '4-873693', 'Karmavér'),
(1079, 'Fekete Gyula', 'feketeg@dede.hho', '3-202668', 'Barnamalom'),
(1080, 'Vezér Előd', 'vezere@dede.tmk', '4-544188', 'Patakfolyta'),
(1081, 'Kovács János', 'kovacsj@frraacku.tgb', '6-457095', 'Szürcsölde'),
(1082, 'Balog Tamás', 'balogt@npassbbi.tgb', '4-975803', 'Selyembarkás'),
(1083, 'Kiss Miklós', 'kissm@hjnva.hho', '4-108103', 'Fészekcsók'),
(1084, 'Farkas Róbert', 'farkasr@linkrb.tgb', '4-849205', 'Patakfolyta'),
(1085, 'Gombos Gábor', 'gombosg@dede.tmk', '3-424173', 'Barnamalom'),
(1086, 'Messzefalvi Béla', 'messzefalvib@mnsk.tgb', '4-835501', 'Tamásuta'),
(1087, 'Mihályi Tibor', 'mihalyit@frraacku.atp', '5-686209', 'Barnamalom'),
(1088, 'Szabó Tihamér', 'szabot@npassbbi.tgb', '6-739521', 'Patakfolyta'),
(1089, 'Kovács József', 'kovacsj@dede.xyz', '6-150209', 'Zöldjekő'),
(1090, 'Sugár Géza', 'sugarg@dede.hho', '3-380207', 'Vonatfüttyösd'),
(1091, 'Simon Viktória', 'simonv@frraacku.tgb', '3-124520', 'Miákfalva'),
(1092, 'Nagy József', 'nagyj@dede.tmk', '6-237287', 'Vonatfüttyösd'),
(1093, 'Csendes Dalma', 'csendesd@aaabbbccc.tmk', '3-239277', 'Fészekcsók'),
(1094, 'Borbély Balázs', 'borbelyb@hjnva.atp', '6-612289', 'Szürcsölde'),
(1095, 'Toldi Miklós', 'toldim@sctivcr.hho', '6-707385', 'Bolhaugra'),
(1096, 'Tapsi Teréz', 'tapsit@dede.hho', '6-174796', 'Barnamalom'),
(1097, 'Nagy Tibor', 'nagyt@sctivcr.hho', '4-329459', 'Barnamalom'),
(1098, 'Bagoly Balázs', 'bagolyb@linkrb.xyz', '3-459007', 'Bolhaugra'),
(1099, 'Dunavölgye Iván', 'dunavolgyei@npassbbi.tgb', '5-525837', 'Miákfalva'),
(1100, 'Karap Endre', 'karape@linkrb.hho', '5-266755', 'Patakfolyta'),
(1101, 'Pápai Petrik', 'papaip@dede.hho', '3-351376', 'Zöldjekő'),
(1102, 'Karcagi Katalin', 'karcagik@mnsk.tgb', '6-967566', 'Eperkebordó'),
(1103, 'Kiss Péter', 'kissp@alsips.atp', '4-487833', 'Fészekcsók'),
(1104, 'Francia Ferenc', 'franciaf@aaabbbccc.hho', '4-555403', 'Karmavér'),
(1105, 'Józsa Erzsébet', 'jozsae@sctivcr.xyz', '3-651105', 'Miákfalva'),
(1106, 'Balázs Ernő', 'balazse@vvvvv.xyz', '5-608841', 'Patakfolyta'),
(1107, 'Piszter Emese', 'pisztere@alsips.xyz', '4-718701', 'Patakfolyta'),
(1108, 'Fábian Sándor', 'fabians@linkrb.tgb', '3-590837', 'Szálaszőre'),
(1109, 'Zirci Zoltán', 'zirciz@mnsk.xyz', '4-320412', 'Cserépkakasd'),
(1110, 'Buga Jakab', 'bugaj@linkrb.tgb', '3-681354', 'Karmavér'),
(1111, 'Sánta Mária', 'santam@mnsk.xyz', '4-622132', 'Karmavér'),
(1112, 'Tóth Virgil', 'tothv@aaabbbccc.tmk', '3-331261', 'Bolhaugra'),
(1113, 'Józsa Helga', 'jozsah@npassbbi.hho', '5-564704', 'Szürcsölde'),
(1114, 'Péteri Endre', 'peterie@dede.tmk', '3-954722', 'Barnamalom'),
(1115, 'Gárdos Csilla', 'gardosc@dede.hho', '3-310234', 'Szálaszőre'),
(1116, 'Gábor Áron', 'gabora@linkrb.hho', '6-847938', 'Szálaszőre'),
(1117, 'Pergel József', 'pergelj@mnsk.tmk', '3-897027', 'Szürcsölde'),
(1118, 'Szabó Béla', 'szabob@linkrb.tmk', '5-670671', 'Tamásuta'),
(1119, 'Ladányi Gábor', 'ladanyig@dede.hho', '4-259981', 'Cserépkakasd'),
(1120, 'Langyos Ferenc', 'langyosf@frraacku.tmk', '4-157201', 'Barnamalom'),
(1121, 'Antal Lajos', 'antall@aaabbbccc.tgb', '6-885056', 'Karmavér'),
(1122, 'Kiss Ede', 'kisse@hjnva.atp', '6-708210', 'Zöldjekő'),
(1123, 'Dávid Ede', 'davide@frraacku.hho', '3-273601', 'Szálaszőre'),
(1124, 'Dobó Katalin', 'dobok@frraacku.tmk', '6-170409', 'Szürcsölde'),
(1125, 'Szabó Péter', 'szabop@npassbbi.hho', '5-990271', 'Barnamalom'),
(1126, 'Farkas Zsolt', 'farkasz@frraacku.xyz', '6-133335', 'Eperkebordó'),
(1127, 'Dienes Imre', 'dienesi@hjnva.hho', '3-715613', 'Eperkebordó'),
(1128, 'Kocka András', 'kockaa@npassbbi.tgb', '6-669687', 'Eperkebordó'),
(1129, 'Asztalos Attila', 'asztalosa@hjnva.xyz', '6-711495', 'Szürcsölde'),
(1130, 'Debreceni Endre', 'debrecenie@vvvvv.hho', '5-759279', 'Eperkebordó'),
(1131, 'Hollós Noémi', 'hollosn@linkrb.tgb', '5-294867', 'Szálaszőre'),
(1132, 'Szekeres György', 'szekeresg@aaabbbccc.xyz', '4-117756', 'Barnamalom'),
(1133, 'Jánosházi János', 'janoshazij@aaabbbccc.tgb', '3-285052', 'Barnamalom'),
(1134, 'Gombos Katalin', 'gombosk@aaabbbccc.atp', '5-503416', 'Karmavér'),
(1135, 'Bombás Albert', 'bombasa@vvvvv.atp', '5-983794', 'Bolhaugra'),
(1136, 'Szőcs Gyula', 'szocsg@mnsk.hho', '6-672302', 'Szürcsölde'),
(1137, 'Gárdonyi Gizella', 'gardonyig@npassbbi.hho', '5-672126', 'Csipcsicsere'),
(1138, 'Horváth Zoltán', 'horvathz@dede.atp', '4-510518', 'Barnamalom'),
(1139, 'Feskó István', 'feskoi@linkrb.tmk', '6-311101', 'Fülefoltosd'),
(1140, 'Tilli Anikó', 'tillia@sctivcr.atp', '5-934881', 'Barnamalom'),
(1141, 'Molnár József', 'molnarj@mnsk.xyz', '4-297768', 'Szálaszőre'),
(1142, 'Közepes Tamás', 'kozepest@mnsk.xyz', '6-623336', 'Szálaszőre'),
(1143, 'Földesi Fábián ', 'foldesif@sctivcr.atp', '5-784028', 'Szálaszőre'),
(1144, 'Fertődi Friderika', 'fertodif@sctivcr.hho', '5-847572', 'Szálaszőre'),
(1145, 'Pomázi Petra', 'pomazip@mnsk.atp', '3-158929', 'Csipcsicsere'),
(1146, 'Szendrő Zoltán', 'szendroz@alsips.hho', '5-579650', 'Zöldjekő'),
(1147, 'Kovács Krisztina', 'kovacsk@aaabbbccc.atp', '5-343503', 'Eperkebordó'),
(1148, 'Szabóka Sándor', 'szabokas@frraacku.tmk', '3-721779', 'Szürcsölde'),
(1149, 'Matelka Márta', 'matelkam@frraacku.tmk', '4-293170', 'Barnamalom'),
(1150, 'Kovács Géza', 'kovacsg@npassbbi.xyz', '3-402951', 'Barnamalom'),
(1151, 'Gall Zsuzsa', 'gallz@alsips.xyz', '5-840121', 'Cserépkakasd'),
(1152, 'Borbély Zsuzsa', 'borbelyz@npassbbi.atp', '5-445317', 'Barnamalom'),
(1153, 'Csukardi Sándor', 'csukardis@frraacku.atp', '6-194384', 'Patakfolyta'),
(1154, 'Orosházi Olga', 'oroshazio@aaabbbccc.tgb', '6-477693', 'Zöldjekő'),
(1155, 'Sas Tamás', 'sast@mnsk.atp', '4-385487', 'Karmavér'),
(1156, 'Kovács János', 'kovacsj@aaabbbccc.hho', '5-882437', 'Szürcsölde'),
(1157, 'Fülöp ágnes', 'fulopa@frraacku.xyz', '3-764273', 'Csipcsicsere'),
(1158, 'Laczó Jolán', 'laczoj@linkrb.xyz', '3-961391', 'Kacagvár'),
(1159, 'Kób Máté', 'kobm@alsips.atp', '6-335981', 'Selyembarkás'),
(1160, 'Kőbér Máté', 'koberm@dede.tgb', '4-728653', 'Kacagvár'),
(1161, 'Sziráki Szilvia', 'szirakis@linkrb.tmk', '4-779178', 'Vonatfüttyösd'),
(1162, 'Szente Mária', 'szentem@sctivcr.tmk', '4-539708', 'Karmavér'),
(1163, 'Győri Marianna', 'gyorim@linkrb.atp', '6-366164', 'Karmavér'),
(1164, 'Nagy Zoltán', 'nagyz@aaabbbccc.tmk', '4-438572', 'Karmavér'),
(1165, 'Vilmos Zoltán', 'vilmosz@sctivcr.xyz', '6-446578', 'Cserépkakasd'),
(1166, 'Csókosdi Sarolta', 'csokosdis@aaabbbccc.tgb', '3-816877', 'Eperkebordó'),
(1167, 'Tóth Ottó', 'totho@vvvvv.hho', '5-889795', 'Szürcsölde'),
(1168, 'Szatymaz Péter', 'szatymazp@aaabbbccc.tgb', '3-623660', 'Karmavér'),
(1169, 'Katona Lajos', 'katonal@linkrb.xyz', '5-445595', 'Eperkebordó'),
(1170, 'Tibeti Tódor', 'tibetit@linkrb.hho', '3-760961', 'Karmavér'),
(1171, 'Nagy Béla', 'nagyb@aaabbbccc.tmk', '6-538278', 'Csipcsicsere'),
(1172, 'Bábel Lajos', 'babell@hjnva.tmk', '4-273860', 'Csipcsicsere'),
(1173, 'Helmai Gábor', 'helmaig@mnsk.tmk', '6-478218', 'Szürcsölde'),
(1174, 'Kiss István', 'kissi@npassbbi.hho', '6-438513', 'Karmavér'),
(1175, 'Farkas Sándor', 'farkass@dede.xyz', '6-679492', 'Fülefoltosd'),
(1176, 'Kiss Iván', 'kissi@sctivcr.tgb', '3-901931', 'Miákfalva'),
(1177, 'Farkas Rozália', 'farkasr@sctivcr.xyz', '4-863196', 'Eperkebordó'),
(1178, 'Fehér Endre', 'fehere@aaabbbccc.hho', '4-690821', 'Szürcsölde'),
(1179, 'Tavaszi Terézia', 'tavaszit@frraacku.tgb', '5-553831', 'Karmavér'),
(1180, 'Havasi Gyula', 'havasig@mnsk.xyz', '6-152187', 'Barnamalom'),
(1181, 'Szepezdi Szilárd', 'szepezdis@frraacku.xyz', '6-818088', 'Barnamalom'),
(1182, 'Major Károly', 'majork@mnsk.tgb', '5-952346', 'Szálaszőre'),
(1183, 'Lellei Lilla', 'lelleil@vvvvv.tmk', '5-405673', 'Patakfolyta'),
(1184, 'Csató Zsolt', 'csatoz@vvvvv.tgb', '3-725428', 'Zöldjekő'),
(1185, 'Mezei Sándor', 'mezeis@linkrb.hho', '3-397383', 'Eperkebordó'),
(1186, 'Etyeki Elek', 'etyekie@linkrb.tgb', '3-139881', 'Eperkebordó'),
(1187, 'Eke Erika', 'ekee@frraacku.hho', '5-461776', 'Patakfolyta'),
(1188, 'Dobos Zsuzsa', 'dobosz@npassbbi.atp', '5-482737', 'Szálaszőre'),
(1189, 'Geiger Zsuzsa', 'geigerz@aaabbbccc.xyz', '5-844403', 'Karmavér'),
(1190, 'Tottosik Szilvia', 'tottosiks@aaabbbccc.tgb', '3-915235', 'Patakfolyta'),
(1191, 'Wendel Vera', 'wendelv@npassbbi.tgb', '6-316530', 'Karmavér'),
(1192, 'Soproni Sámuel', 'sopronis@vvvvv.tgb', '3-379056', 'Selyembarkás'),
(1193, 'Gombai Gáspár', 'gombaig@sctivcr.hho', '6-855094', 'Patakfolyta'),
(1194, 'Bíró Lajos', 'birol@mnsk.hho', '4-606946', 'Eperkebordó'),
(1195, 'Kiss Pál', 'kissp@dede.tgb', '3-639990', 'Tamásuta'),
(1196, 'Egér Elemér', 'egere@dede.hho', '4-137066', 'Fülefoltosd'),
(1197, 'Papp Etelka', 'pappe@mnsk.atp', '5-791035', 'Barnamalom'),
(1198, 'Deák Dénes', 'deakd@hjnva.atp', '5-405072', 'Karmavér'),
(1199, 'Kar Tibor', 'kart@aaabbbccc.tmk', '3-890431', 'Karmavér'),
(1200, 'Sárga Sándor', 'sargas@frraacku.xyz', '5-143588', 'Selyembarkás'),
(1201, 'Fizikus Dénes', 'fizikusd@npassbbi.tmk', '6-380508', 'Tamásuta'),
(1202, 'Magyar Teodóra', 'magyart@hjnva.xyz', '5-286634', 'Szálaszőre'),
(1203, 'Déri András', 'deria@npassbbi.xyz', '6-631861', 'Karmavér'),
(1204, 'Tilli Noémi', 'tillin@alsips.atp', '5-549639', 'Zöldjekő'),
(1205, 'Nagyobb Mihály', 'nagyobbm@frraacku.xyz', '4-449593', 'Csipcsicsere'),
(1206, 'Szabó Marcell', 'szabom@linkrb.tmk', '4-871075', 'Kacagvár'),
(1207, 'Csekő Kálmán', 'csekok@vvvvv.atp', '6-145267', 'Kacagvár'),
(1208, 'Fejér Krisztina', 'fejerk@frraacku.atp', '6-485026', 'Eperkebordó'),
(1209, 'Elme Géza', 'elmeg@aaabbbccc.hho', '4-872609', 'Szálaszőre'),
(1210, 'Derzsi Vilmos', 'derzsiv@sctivcr.tgb', '4-625945', 'Eperkebordó'),
(1211, 'Háry János', 'haryj@npassbbi.xyz', '5-689230', 'Bolhaugra'),
(1212, 'Váci Vendel', 'vaciv@alsips.tmk', '5-602390', 'Eperkebordó'),
(1213, 'Korányi Erzsébet', 'koranyie@alsips.tgb', '3-949969', 'Eperkebordó'),
(1214, 'Jávori Lilla', 'javoril@frraacku.atp', '3-300758', 'Cserépkakasd'),
(1215, 'Történész Tamás', 'torteneszt@frraacku.tmk', '5-172945', 'Cserépkakasd'),
(1216, 'Horváth Mihály', 'horvathm@mnsk.xyz', '6-531725', 'Miákfalva'),
(1217, 'Simon Mihály', 'simonm@mnsk.atp', '4-872753', 'Fülefoltosd'),
(1218, 'Kőszegi Kázmér', 'koszegik@sctivcr.tmk', '4-445761', 'Patakfolyta'),
(1219, 'Kiss Tamás', 'kisst@mnsk.xyz', '3-281911', 'Cserépkakasd'),
(1220, 'Várhelyi Szilvia', 'varhelyis@alsips.tgb', '3-704085', 'Karmavér'),
(1221, 'Pécsi Péter', 'pecsip@linkrb.atp', '4-191292', 'Karmavér'),
(1222, 'Rózsa Sándor', 'rozsas@frraacku.xyz', '5-104939', 'Karmavér'),
(1223, 'Rozmár Rozália', 'rozmarr@sctivcr.tmk', '5-567510', 'Cserépkakasd'),
(1224, 'Árendás Viktor', 'arendasv@npassbbi.xyz', '4-559156', 'Barnamalom'),
(1225, 'Kertész Zsuzsa', 'kerteszz@hjnva.xyz', '6-815385', 'Barnamalom'),
(1226, 'Kiss Kázmér', 'kissk@alsips.xyz', '4-626181', 'Szálaszőre'),
(1227, 'Szántó Béla', 'szantob@mnsk.atp', '5-168476', 'Szürcsölde'),
(1228, 'Soma Viktor', 'somav@sctivcr.tgb', '3-991709', 'Eperkebordó'),
(1229, 'Esztergom Andrea', 'esztergoma@aaabbbccc.tmk', '5-153226', 'Eperkebordó'),
(1230, 'Vezér Árpád', 'vezera@mnsk.atp', '6-712315', 'Eperkebordó'),
(1231, 'Balta Márta', 'baltam@sctivcr.xyz', '3-144350', 'Selyembarkás'),
(1232, 'Horváth Balázs', 'horvathb@aaabbbccc.hho', '4-124222', 'Karmavér'),
(1233, 'Szabó Ottó', 'szaboo@npassbbi.hho', '3-537477', 'Barnamalom'),
(1234, 'Kiss Éva', 'kisse@aaabbbccc.tmk', '5-721051', 'Szálaszőre'),
(1235, 'Fonyódi Frigyes', 'fonyodif@dede.tmk', '5-253025', 'Barnamalom'),
(1236, 'Nagy Jenő', 'nagyj@npassbbi.tmk', '5-464237', 'Barnamalom'),
(1237, 'Kemler Anikó', 'kemlera@frraacku.atp', '3-670399', 'Karmavér'),
(1238, 'Nagy Attila', 'nagya@npassbbi.tmk', '4-344564', 'Eperkebordó'),
(1239, 'Tóth Vilmos', 'tothv@hjnva.tmk', '5-561500', 'Fülefoltosd'),
(1240, 'Heisberger Ottó', 'heisbergero@dede.tgb', '5-178245', 'Karmavér'),
(1241, 'Tóth Eszter', 'tothe@dede.hho', '6-556833', 'Cserépkakasd'),
(1242, 'Jáki Jenő', 'jakij@alsips.hho', '3-508865', 'Karmavér'),
(1243, 'Szegedi Szilvia', 'szegedis@dede.tgb', '5-442003', 'Miákfalva'),
(1244, 'Farkas Csaba', 'farkasc@linkrb.tmk', '6-583912', 'Karmavér'),
(1245, 'Asztalos József', 'asztalosj@vvvvv.xyz', '6-948967', 'Eperkebordó'),
(1246, 'Kovács Eszter', 'kovacse@linkrb.tmk', '3-353700', 'Barnamalom'),
(1247, 'Fóti Franciska', 'fotif@dede.atp', '6-842815', 'Szálaszőre'),
(1248, 'Örkényi Ödön', 'orkenyio@hjnva.tmk', '4-495193', 'Barnamalom'),
(1249, 'Tivadar Zsolt', 'tivadarz@npassbbi.tgb', '4-777537', 'Tamásuta'),
(1250, 'Becz Miklós', 'beczm@sctivcr.atp', '6-131403', 'Karmavér'),
(1251, 'Varga Péter', 'vargap@hjnva.hho', '5-344521', 'Szürcsölde'),
(1252, 'Gere Gábor', 'gereg@linkrb.tmk', '6-294036', 'Szürcsölde'),
(1253, 'Turcsányi Szilvia', 'turcsanyis@sctivcr.xyz', '3-460166', 'Barnamalom'),
(1254, 'Kerepesi Katalin', 'kerepesik@sctivcr.atp', '6-509308', 'Patakfolyta'),
(1255, 'Levél Sándor', 'levels@alsips.tmk', '4-504432', 'Barnamalom'),
(1256, 'Kiss János', 'kissj@linkrb.atp', '4-998694', 'Selyembarkás'),
(1257, 'Kovács Jenő', 'kovacsj@aaabbbccc.tgb', '3-147723', 'Patakfolyta'),
(1258, 'Aszódi Attila', 'aszodia@mnsk.tgb', '5-131766', 'Szürcsölde'),
(1259, 'Takács Csaba', 'takacsc@aaabbbccc.hho', '6-822326', 'Szálaszőre'),
(1260, 'Csornai László', 'csornail@mnsk.xyz', '3-627523', 'Eperkebordó'),
(1261, 'Tivadar Tibor', 'tivadart@npassbbi.tmk', '4-395636', 'Patakfolyta');

CREATE TABLE `kapcsolo` (
  `id` int(11) NOT NULL,
  `diakid` int(11) NOT NULL,
  `oraid` int(11) NOT NULL
) ENGINE=InnoDB DEFAULT CHARSET=utf8mb4 COLLATE=utf8mb4_hungarian_ci;

INSERT INTO `kapcsolo` (`id`, `diakid`, `oraid`) VALUES
(1, 1000, 1),
(2, 1000, 6),
(3, 1001, 20),
(4, 1002, 1),
(5, 1002, 6),
(6, 1003, 2),
(7, 1003, 6),
(8, 1004, 1),
(9, 1004, 6),
(10, 1005, 11),
(11, 1005, 16),
(12, 1006, 2),
(13, 1006, 6),
(14, 1007, 9),
(15, 1008, 9),
(16, 1009, 1),
(17, 1009, 6),
(18, 1010, 4),
(19, 1010, 9),
(20, 1011, 4),
(21, 1011, 10),
(22, 1012, 20),
(23, 1013, 5),
(24, 1013, 8),
(25, 1014, 20),
(26, 1015, 20),
(27, 1016, 1),
(28, 1016, 6),
(29, 1017, 1),
(30, 1017, 6),
(31, 1018, 1),
(32, 1018, 7),
(33, 1019, 4),
(34, 1019, 10),
(35, 1020, 5),
(36, 1020, 8),
(37, 1021, 2),
(38, 1021, 7),
(39, 1022, 5),
(40, 1022, 8),
(41, 1023, 4),
(42, 1023, 9),
(43, 1024, 4),
(44, 1024, 9),
(45, 1024, 53),
(46, 1025, 5),
(47, 1025, 8),
(48, 1026, 2),
(49, 1026, 7),
(50, 1027, 12),
(51, 1027, 19),
(52, 1028, 24),
(53, 1029, 12),
(54, 1029, 19),
(55, 1030, 11),
(56, 1030, 16),
(57, 1031, 11),
(58, 1031, 16),
(59, 1032, 13),
(60, 1032, 17),
(61, 1032, 53),
(62, 1033, 13),
(63, 1033, 17),
(64, 1034, 4),
(65, 1034, 9),
(66, 1035, 11),
(67, 1035, 16),
(68, 1036, 4),
(69, 1036, 9),
(70, 1037, 11),
(71, 1037, 16),
(72, 1037, 53),
(73, 1038, 2),
(74, 1038, 7),
(75, 1038, 53),
(76, 1039, 5),
(77, 1039, 8),
(78, 1040, 11),
(79, 1040, 16),
(80, 1041, 4),
(81, 1041, 10),
(82, 1042, 14),
(83, 1042, 18),
(84, 1043, 14),
(85, 1043, 18),
(86, 1044, 24),
(87, 1045, 5),
(88, 1045, 8),
(89, 1046, 14),
(90, 1046, 18),
(91, 1047, 13),
(92, 1047, 17),
(93, 1048, 12),
(94, 1048, 19),
(95, 1048, 56),
(96, 1049, 24),
(97, 1050, 13),
(98, 1050, 17),
(99, 1051, 56),
(100, 1051, 12),
(101, 1051, 19),
(102, 1052, 12),
(103, 1052, 20),
(104, 1053, 56),
(105, 1054, 12),
(106, 1054, 20),
(107, 1054, 24),
(108, 1055, 13),
(109, 1055, 20),
(110, 1056, 2),
(111, 1056, 7),
(112, 1057, 27),
(113, 1058, 4),
(114, 1058, 10),
(115, 1059, 14),
(116, 1059, 18),
(117, 1060, 56),
(118, 1061, 14),
(119, 1061, 18),
(120, 1061, 56),
(121, 1062, 24),
(122, 1063, 13),
(123, 1063, 17),
(124, 1064, 14),
(125, 1064, 18),
(126, 1065, 27),
(127, 1066, 13),
(128, 1066, 17),
(129, 1067, 24),
(130, 1068, 24),
(131, 1069, 12),
(132, 1069, 19),
(133, 1070, 23),
(134, 1070, 28),
(135, 1071, 5),
(136, 1071, 8),
(137, 1072, 22),
(138, 1072, 30),
(139, 1073, 2),
(140, 1073, 7),
(141, 1073, 54),
(142, 1074, 22),
(143, 1074, 30),
(144, 1075, 24),
(145, 1075, 26),
(146, 1076, 14),
(147, 1076, 18),
(148, 1077, 13),
(149, 1077, 17),
(150, 1078, 14),
(151, 1078, 18),
(152, 1079, 24),
(153, 1079, 26),
(154, 1080, 27),
(155, 1081, 12),
(156, 1081, 19),
(157, 1082, 22),
(158, 1082, 30),
(159, 1083, 5),
(160, 1083, 8),
(161, 1084, 22),
(162, 1084, 30),
(163, 1085, 23),
(164, 1085, 28),
(165, 1086, 27),
(166, 1087, 14),
(167, 1087, 18),
(168, 1088, 25),
(169, 1088, 29),
(170, 1089, 25),
(171, 1089, 29),
(172, 1090, 3),
(173, 1090, 10),
(174, 1091, 3),
(175, 1091, 10),
(176, 1092, 3),
(177, 1092, 10),
(178, 1093, 1),
(179, 1093, 7),
(180, 1094, 1),
(181, 1094, 7),
(182, 1094, 54),
(183, 1095, 27),
(184, 1096, 1),
(185, 1096, 6),
(186, 1096, 54),
(187, 1097, 12),
(188, 1097, 19),
(189, 1097, 60),
(190, 1098, 11),
(191, 1098, 16),
(192, 1099, 25),
(193, 1099, 29),
(194, 1100, 22),
(195, 1100, 27),
(196, 1101, 5),
(197, 1101, 8),
(198, 1102, 12),
(199, 1102, 19),
(200, 1103, 5),
(201, 1103, 8),
(202, 1104, 11),
(203, 1104, 16),
(204, 1105, 22),
(205, 1105, 30),
(206, 1106, 22),
(207, 1106, 30),
(208, 1107, 11),
(209, 1107, 16),
(210, 1108, 12),
(211, 1108, 19),
(212, 1109, 12),
(213, 1109, 19),
(214, 1110, 3),
(215, 1110, 10),
(216, 1111, 3),
(217, 1111, 10),
(218, 1112, 22),
(219, 1112, 27),
(220, 1113, 3),
(221, 1113, 10),
(222, 1114, 31),
(223, 1114, 36),
(224, 1115, 5),
(225, 1115, 8),
(226, 1116, 22),
(227, 1116, 27),
(228, 1117, 27),
(229, 1118, 25),
(230, 1118, 29),
(231, 1119, 1),
(232, 1119, 19),
(233, 1120, 25),
(234, 1120, 29),
(235, 1121, 60),
(236, 1122, 14),
(237, 1122, 18),
(238, 1123, 22),
(239, 1123, 27),
(240, 1124, 60),
(241, 1125, 23),
(242, 1125, 28),
(243, 1126, 54),
(244, 1127, 2),
(245, 1127, 7),
(246, 1128, 31),
(247, 1128, 36),
(248, 1129, 5),
(249, 1129, 8),
(250, 1130, 3),
(251, 1130, 10),
(252, 1131, 22),
(253, 1131, 30),
(254, 1132, 32),
(255, 1132, 39),
(256, 1133, 32),
(257, 1133, 39),
(258, 1134, 21),
(259, 1134, 26),
(260, 1135, 21),
(261, 1136, 26),
(262, 1136, 54),
(263, 1137, 23),
(264, 1137, 28),
(265, 1138, 31),
(266, 1138, 37),
(267, 1139, 34),
(268, 1139, 40),
(269, 1140, 5),
(270, 1140, 8),
(271, 1141, 14),
(272, 1141, 18),
(273, 1141, 60),
(274, 1142, 32),
(275, 1142, 39),
(276, 1143, 5),
(277, 1143, 8),
(278, 1144, 33),
(279, 1144, 36),
(280, 1145, 14),
(281, 1145, 18),
(282, 1146, 31),
(283, 1146, 36),
(284, 1147, 3),
(285, 1147, 10),
(286, 1148, 21),
(287, 1148, 26),
(288, 1149, 23),
(289, 1149, 28),
(290, 1149, 60),
(291, 1150, 25),
(292, 1150, 29),
(293, 1151, 22),
(294, 1151, 30),
(295, 1152, 23),
(296, 1152, 28),
(297, 1153, 55),
(298, 1153, 58),
(299, 1155, 21),
(300, 1155, 26),
(301, 1156, 47),
(302, 1157, 3),
(303, 1157, 10),
(304, 1158, 32),
(305, 1158, 39),
(306, 1159, 2),
(307, 1159, 7),
(308, 1160, 33),
(309, 1160, 36),
(310, 1161, 22),
(311, 1161, 30),
(312, 1162, 25),
(313, 1162, 29),
(314, 1163, 47),
(315, 1164, 32),
(316, 1164, 39),
(317, 1165, 33),
(318, 1165, 36),
(319, 1166, 32),
(320, 1166, 39),
(321, 1167, 47),
(322, 1168, 5),
(323, 1168, 8),
(324, 1169, 41),
(325, 1169, 47),
(326, 1171, 13),
(327, 1171, 17),
(328, 1172, 34),
(329, 1172, 40),
(330, 1173, 51),
(331, 1174, 12),
(332, 1174, 19),
(333, 1175, 12),
(334, 1175, 19),
(335, 1176, 33),
(336, 1176, 38),
(337, 1177, 21),
(338, 1177, 26),
(339, 1178, 51),
(340, 1179, 21),
(341, 1179, 26),
(342, 1180, 25),
(343, 1180, 29),
(344, 1181, 21),
(345, 1181, 26),
(346, 1182, 11),
(347, 1182, 16),
(348, 1183, 33),
(349, 1183, 38),
(350, 1184, 42),
(351, 1184, 50),
(352, 1185, 14),
(353, 1185, 18),
(354, 1186, 32),
(355, 1186, 39),
(356, 1187, 14),
(357, 1187, 18),
(358, 1187, 35),
(359, 1188, 23),
(360, 1188, 28),
(361, 1188, 52),
(362, 1192, 23),
(363, 1192, 28),
(364, 1193, 23),
(365, 1193, 28),
(366, 1194, 2),
(367, 1194, 7),
(368, 1195, 45),
(369, 1196, 25),
(370, 1196, 29),
(371, 1197, 3),
(372, 1197, 10),
(373, 1198, 21),
(374, 1198, 26),
(375, 1198, 51),
(376, 1199, 31),
(377, 1199, 36),
(378, 1200, 31),
(379, 1200, 37),
(380, 1201, 1),
(381, 1201, 7),
(382, 1201, 51),
(383, 1202, 32),
(384, 1202, 39),
(385, 1203, 1),
(386, 1203, 6),
(387, 1204, 45),
(388, 1205, 45),
(389, 1206, 1),
(390, 1206, 7),
(391, 1207, 35),
(392, 1208, 23),
(393, 1208, 28),
(394, 1209, 35),
(395, 1210, 31),
(396, 1210, 36),
(397, 1211, 21),
(398, 1211, 26),
(399, 1212, 31),
(400, 1212, 36),
(401, 1213, 14),
(402, 1213, 18),
(403, 1214, 25),
(404, 1214, 29),
(405, 1214, 35),
(406, 1215, 32),
(407, 1215, 39),
(408, 1216, 34),
(409, 1216, 40),
(410, 1217, 42),
(411, 1217, 50),
(412, 1218, 23),
(413, 1218, 28),
(414, 1219, 41),
(415, 1219, 47),
(416, 1220, 42),
(417, 1220, 50),
(418, 1221, 43),
(419, 1221, 46),
(420, 1222, 13),
(421, 1222, 17),
(422, 1222, 50),
(423, 1223, 33),
(424, 1223, 37),
(425, 1224, 34),
(426, 1225, 40),
(427, 1226, 25),
(428, 1226, 27),
(429, 1227, 27),
(430, 1228, 21),
(431, 1228, 26),
(432, 1229, 23),
(433, 1229, 28),
(434, 1230, 43),
(435, 1230, 46),
(436, 1231, 33),
(437, 1231, 38),
(438, 1232, 44),
(439, 1232, 48),
(440, 1233, 44),
(441, 1233, 48),
(442, 1234, 43),
(443, 1234, 46),
(444, 1235, 58),
(445, 1236, 23),
(446, 1236, 28),
(447, 1237, 50),
(448, 1238, 45),
(449, 1238, 49),
(450, 1239, 58),
(451, 1240, 23),
(452, 1240, 28),
(453, 1241, 45),
(454, 1241, 49),
(455, 1242, 58),
(456, 1242, 55),
(457, 1243, 50),
(458, 1244, 44),
(459, 1244, 48),
(460, 1245, 52),
(461, 1245, 60),
(462, 1246, 58),
(463, 1247, 50),
(464, 1248, 32),
(465, 1248, 39),
(466, 1249, 58),
(467, 1250, 33),
(468, 1250, 37),
(469, 1251, 34),
(470, 1251, 40),
(471, 1252, 51),
(472, 1252, 59),
(473, 1253, 58),
(474, 1254, 22),
(475, 1254, 30),
(476, 1255, 25),
(477, 1255, 27),
(478, 1256, 45),
(479, 1256, 49),
(480, 1257, 32),
(481, 1257, 39),
(482, 1258, 33),
(483, 1258, 36),
(484, 1259, 33),
(485, 1260, 37),
(486, 1261, 12),
(487, 1261, 19);

CREATE TABLE `orak` (
  `id` int(11) NOT NULL,
  `datum` date NOT NULL,
  `targy` varchar(50) NOT NULL,
  `csoport` varchar(50) NOT NULL,
  `terem` varchar(50) NOT NULL,
  `tanar` varchar(50) NOT NULL,
  `ferohely` int(11) NOT NULL,
  `orasorszam` int(11) NOT NULL
) ENGINE=InnoDB DEFAULT CHARSET=utf8mb4 COLLATE=utf8mb4_hungarian_ci;

INSERT INTO `orak` (`id`, `datum`, `targy`, `csoport`, `terem`, `tanar`, `ferohely`, `orasorszam`) VALUES
(1, '2028.11-08', 'matematika', '9.B2', '9.B', 'Matematikus Márton', 15, 4),
(2, '2028.11-08', 'angol', '10.C1', 'nyelvi5', 'Angol Anna', 10, 4),
(3, '2028.11-08', 'német', '10.C2', '10.C', 'Német Nelli', 10, 4),
(4, '2028.11-08', 'digitális kultúra', '9.D2', 'i1', 'Rendszergazda Rudolf', 10, 4),
(5, '2028.11-08', 'fizika', '9.B1', 'Jedlik', 'Falusi Franciska', 15, 4),
(6, '2028.11-08', 'német', '11.BDE', '11.B', 'Nagy Nelli', 10, 5),
(7, '2028.11-08', 'fizika', '10.B', 'Jedlik', 'Kerepesi Károly', 15, 5),
(8, '2028.11-08', 'biológia', '10.D', 'Biológia', 'Biológus Boglárka', 15, 5),
(9, '2028.11-08', 'angol', '11.BDE', 'nyelvi8', 'Kertvárosi Krisztina', 10, 5),
(10, '2028.11-08', 'matematika', '10.B2', '10.B', 'Földvári Franciska', 15, 5),
(11, '2028.11-09', 'digitális kultúra', '10.D1', 'i1', 'Rendszergazda Rudolf', 10, 4),
(12, '2028.11-09', 'biológia', '9.B2', 'Kövesi', 'Pilisi Panna', 15, 4),
(13, '2028.11-09', 'német', '12.C2', 'nyelvi4', 'Hantosi Helga', 10, 4),
(14, '2028.11-09', 'kémia', '10.B2', 'labor2', 'Kapolcsi Kende', 15, 4),
(15, '2028.11-09', 'matematika', '10.B', '10.B', 'Matematikos Mártonné', 15, 4),
(16, '2028.11-09', 'angol', '11.C1', 'nyelvi3', 'Aggteleki Anna', 10, 5),
(17, '2028.11-09', 'angol', '9.BD', 'nyelvi1', 'Boros Beáta', 10, 5),
(18, '2028.11-09', 'biológia', '9.E', 'Kövesi', 'Tordasi Tímea', 15, 5),
(19, '2028.11-09', 'földrajz', '10.B', '10.B', 'Főldrajz Franciska', 15, 5),
(20, '2028.11-09', 'digitális kultúra', '9.A1', 'i3', 'Számító Szilvia', 10, 5),
(21, '2028.11-10', 'angol', '11.C1', 'nyelvi2', 'Aggteleki Anna', 10, 4),
(22, '2028.11-10', 'matematika', '10.B1', '10.B', 'Matematikos Mártonné', 15, 4),
(23, '2028.11-10', 'fizika', '10.B2', 'Vermes', 'Földvári Franciska', 15, 4),
(24, '2028.11-10', 'angol', '10.C1', 'nyelvi1', 'Angol Anna', 10, 4),
(25, '2028.11-10', 'kémia', '9.B2', 'labor1', 'Kapolcsi Kende', 15, 4),
(26, '2028.11-10', 'német', '11.C', '11.C', 'Bagaméri Borbála', 15, 5),
(27, '2028.11-10', 'biológia', '10.B1', 'labor2', 'Bajai Bernadett', 15, 5),
(28, '2028.11-10', 'matematika', '9.D2', '10.C', 'Metematikus Maja', 15, 5),
(29, '2028.11-10', 'matematika', '10.A', '10.A', 'Matematikus Márton', 10, 5),
(30, '2028.11-10', 'digitális kultúra', '10.A1', 'i3', 'Számító Szilvia', 10, 5),
(31, '2028.11-27', 'digitális kultúra', '9.D1', 'i1', 'Rendszergazda Rudolf', 10, 4),
(32, '2028.11-27', 'fizika', '10.B2', 'Vermes', 'Földvári Franciska', 15, 4),
(33, '2028.11-27', 'olasz', '9.BD', '9.D', 'Olasz Orsolya', 15, 4),
(34, '2028.11-27', 'kémia', '9.B2', 'labor1', 'Kapolcsi Kende', 15, 4),
(35, '2028.11-27', 'matematika', '10.B1', '10.B', 'Matematikos Mártonné', 15, 4),
(36, '2028.11-27', 'angol', '11.C1', 'nyelvi5', 'Aggteleki Anna', 10, 5),
(37, '2028.11-27', 'német', '11.C2', '11.C', 'Bagaméri Borbála', 15, 5),
(38, '2028.11-27', 'biológia', '10.B2', '10.B', 'Kerepesi Károly', 15, 5),
(39, '2028.11-27', 'matematika', '11.B1', '9.B', 'Matematikus Márton', 15, 5),
(40, '2028.11-27', 'fizika', '9.A', 'Vermes', 'Fizikus Ferenc', 10, 5),
(41, '2028.11-28', 'német', '9.C2', '6.A', 'Nagy Nelli', 15, 4),
(42, '2028.11-28', 'matematika', '9.C1', '9.C', 'Markazi Margit', 15, 4),
(43, '2028.11-28', 'fizika', '9.B2', 'Jedlik', 'Kerepesi Károly', 15, 4),
(44, '2028.11-28', 'angol', '10.BD', '7.A', 'Alsófalvi Adrienn', 10, 4),
(45, '2028.11-28', 'digitális kultúra', '9.A1', 'i3', 'Számító Szilvia', 10, 4),
(46, '2028.11-28', 'digitális kultúra', '11.C2', 'i2', 'Majosházi Mariska', 10, 5),
(47, '2028.11-28', 'földrajz', '9.C', 'Kövesi', 'Főldrajz Franciska', 10, 5),
(48, '2028.11-28', 'matematika', '9.B1', '9.B', 'Barnáné Zöld Piroska', 15, 5),
(49, '2028.11-28', 'angol', '11.BDE', '11.D', 'Kertvárosi Krisztina', 15, 5),
(50, '2028.11-28', 'kémia', '9.B1', 'labor1', 'Kémikus Katalin', 15, 5),
(51, '2028.11-29', 'matematika', '9.B1', '9.B', 'Matematikus Márton', 15, 4),
(52, '2028.11-29', 'angol', '10.C1', 'nyelvi5', 'Angol Anna', 10, 4),
(53, '2028.11-29', 'német', '10.C2', '10.C', 'Német Nelli', 15, 4),
(54, '2028.11-29', 'digitális kultúra', '9.D1', 'i1', 'Rendszergazda Rudolf', 10, 4),
(55, '2028.11-29', 'fizika', '9.B1', 'Jedlik', 'Falusi Franciska', 15, 4),
(56, '2028.11-29', 'angol', '9BD1', '12.C', 'Acsai Antal', 15, 5),
(57, '2028.11-29', 'angol', '9BD2', '11.C', 'Olasz Orsolya', 15, 5),
(58, '2028.11-29', 'biológia', '9A', 'Kövesi', 'Bajai Bernadett', 15, 5),
(59, '2028.11-29', 'digitális kultúra', '10C2', 'i3', 'Számító Szilvia', 10, 5),
(60, '2028.11-29', 'matematika', '10.B2', '10.B', 'Földvári Franciska', 15, 5);

ALTER TABLE `diakok`
  ADD PRIMARY KEY (`id`);

ALTER TABLE `kapcsolo`
  ADD PRIMARY KEY (`id`),
  ADD KEY `diakid` (`diakid`),
  ADD KEY `oraid` (`oraid`);

ALTER TABLE `orak`
  ADD PRIMARY KEY (`id`);

ALTER TABLE `kapcsolo`
  ADD CONSTRAINT `kapcsolo_ibfk_1` FOREIGN KEY (`oraid`) REFERENCES `orak` (`id`),
  ADD CONSTRAINT `kapcsolo_ibfk_2` FOREIGN KEY (`diakid`) REFERENCES `diakok` (`id`);
COMMIT;